unique_id,transaction_time,transaction_date,step,amount,oldbalanceOrig,newbalanceOrig,oldbalanceDest,newbalanceDest,type_Encoded,type,fraud
567cef8b-720d-40b0-baf2-1049b7e09cfd,2024-07-31 13:32:47.975004,2024-07-31,468,652782.54,652782.54,0.0,0.0,0.0,4,TRANSFER,1
52350bc2-e65c-4707-a394-d9b432b56a22,2024-07-31 13:27:14.870921,2024-07-31,371,115279.87,2027210.58,2142490.44,147506.21,32226.34,0,CASH_IN,0
3eb170a0-88a1-499c-a4c7-94275dcee30f,2024-07-31 13:29:05.618638,2024-07-31,348,341579.93,8594.0,0.0,61494.13,403074.05,1,CASH_OUT,0
82c5db35-07f8-45d8-9499-f23619738c2e,2024-07-31 13:30:36.062991,2024-07-31,185,17048.53,103217.0,86168.47,0.0,0.0,3,PAYMENT,0
70f8f50e-4b21-4665-b7dc-52ace9f910ce,2024-07-31 13:30:56.178252,2024-07-31,341,3011102.29,3011102.29,0.0,0.0,0.0,4,TRANSFER,1
b8096457-b60a-4b89-843d-f602602ddbce,2024-07-31 13:27:34.962499,2024-07-31,41,130870.62,0.0,0.0,706128.94,1011447.03,1,CASH_OUT,0
db3864f5-b89b-495d-8db5-96ccc14f1a48,2024-07-31 13:28:35.503069,2024-07-31,178,8237.8,155409.0,147171.2,0.0,0.0,3,PAYMENT,0
4f7d6624-7fff-4f28-9bef-a5a23474277b,2024-07-31 13:31:46.555294,2024-07-31,211,32595.71,0.0,0.0,284050.09,316645.8,1,CASH_OUT,0
ce6412e7-4550-4bdc-9a7b-e6b1e34eedd7,2024-07-31 13:32:27.791844,2024-07-31,295,9366.63,9366.63,0.0,0.0,0.0,4,TRANSFER,1
e7f36d0d-417a-4882-8642-259f1f852e90,2024-07-31 12:38:45.472983,2024-07-31,229,38580.45,38580.45,0.0,335633.03,374213.48,1,CASH_OUT,1
87cf6e82-13b2-4322-b203-86d44ec0a7d7,2024-07-31 12:38:57.282133,2024-07-31,372,177557.02,1142.0,0.0,0.0,177557.02,1,CASH_OUT,0
16ae58a9-15fb-4b7a-8a0c-5f50506946ea,2024-07-31 12:39:07.295222,2024-07-31,235,116035.72,0.0,0.0,385483.83,501519.55,1,CASH_OUT,0
bc111229-dbda-4ae5-a5bd-1795605748a5,2024-07-31 12:39:17.359980,2024-07-31,42,5540.92,300802.1,295261.19,0.0,0.0,3,PAYMENT,0
e4e406cf-efdc-4dae-b530-2ef1ea00a16f,2024-07-31 12:39:27.405554,2024-07-31,586,353874.22,353874.22,353874.22,0.0,0.0,4,TRANSFER,0
ac187d34-a694-4224-bc0b-20526f5257af,2024-07-31 12:39:37.415858,2024-07-31,629,8488865.83,8488865.83,0.0,0.0,0.0,4,TRANSFER,1
6ee06a8a-5ba8-4728-a10a-b83e07612f23,2024-07-31 12:39:47.427198,2024-07-31,276,1567591.24,1567591.24,0.0,0.0,0.0,4,TRANSFER,1
84199495-f595-4659-89f0-afa67cb82e71,2024-07-31 12:39:57.432236,2024-07-31,122,188249.17,188249.17,0.0,381115.19,569364.36,1,CASH_OUT,1
5f077ce5-f834-4d8e-8990-d5ef396031f7,2024-07-31 12:40:07.441023,2024-07-31,158,169784.52,15462.0,185246.52,0.0,0.0,0,CASH_IN,0
1599f2ed-5a54-4f73-b61d-61e594851d04,2024-07-31 12:40:17.451832,2024-07-31,190,4731.09,71714.0,66982.91,0.0,0.0,3,PAYMENT,0
a039d5b2-ea33-45fe-bb93-0ef16ff9aba9,2024-07-31 12:40:27.465630,2024-07-31,152,2175288.9,2175288.9,0.0,0.0,0.0,4,TRANSFER,1
fac18362-bb6f-464e-88dd-fac71ffdcbea,2024-07-31 12:40:37.486441,2024-07-31,42,506867.52,506867.52,0.0,0.0,0.0,4,TRANSFER,1
72b3dea3-73f0-4278-a964-89f223f91bf5,2024-07-31 12:40:47.497804,2024-07-31,41,15582.24,0.0,0.0,0.0,0.0,3,PAYMENT,0
1657f5ea-5945-4346-8c22-627f9cfe9bfa,2024-07-31 12:40:57.511370,2024-07-31,387,9110884.44,9110884.44,0.0,0.0,9110884.44,1,CASH_OUT,1
2261152a-2a13-4c64-8b82-ef6f0a704386,2024-07-31 12:41:07.515041,2024-07-31,398,265416.42,87436.0,352852.42,578.85,0.0,0,CASH_IN,0
41f85d6f-5a09-47c0-b026-9b77e7097ed2,2024-07-31 12:41:17.523898,2024-07-31,324,150733.87,5516.0,0.0,133602.5,284336.37,1,CASH_OUT,0
20106940-c2ce-42c7-96d3-90509778fc93,2024-07-31 12:41:27.539778,2024-07-31,153,234853.95,234853.95,0.0,0.0,0.0,4,TRANSFER,1
a5311db8-66b6-4e13-a3b5-433f47673bb5,2024-07-31 12:41:37.547636,2024-07-31,359,105733.45,105733.45,0.0,934471.58,1040205.03,1,CASH_OUT,1
fd5669ad-301d-41e5-896c-8443f98f85ef,2024-07-31 12:41:47.555860,2024-07-31,661,129114.32,6644.0,135758.32,110546.9,0.0,0,CASH_IN,0
81ec0209-42cc-44ec-9e26-b4253b5a2010,2024-07-31 12:41:57.564223,2024-07-31,184,9377.25,0.0,0.0,0.0,0.0,3,PAYMENT,0
81492e6c-8558-4834-acb9-0c489026947d,2024-07-31 12:42:07.572577,2024-07-31,231,20386.45,15047479.08,15067865.52,669386.55,649000.1,0,CASH_IN,0
ed272d01-6997-43f6-ae79-a891155beba0,2024-07-31 12:42:17.581009,2024-07-31,114,2908264.69,2908264.69,0.0,2786059.72,5694324.4,1,CASH_OUT,1
46093a23-0907-4458-829e-a42f5fe8b62f,2024-07-31 12:42:27.589479,2024-07-31,164,175267.61,175267.61,0.0,73374.37,248641.98,1,CASH_OUT,1
b7b73500-feaf-4942-927b-2bfee85082ab,2024-07-31 12:42:37.597193,2024-07-31,17,148439.93,0.0,0.0,0.0,148439.93,1,CASH_OUT,1
92c5e3c1-9c21-4513-bb78-002e189b776f,2024-07-31 12:42:47.612879,2024-07-31,282,6199.28,10960.0,4760.72,0.0,0.0,3,PAYMENT,0
8e7b6a8d-a526-4970-978d-9c62d038e42d,2024-07-31 12:42:57.620765,2024-07-31,231,261331.82,261331.82,0.0,32063.09,293394.92,1,CASH_OUT,1
e67fe26f-bac0-464e-add0-c56c554a4cbf,2024-07-31 12:43:07.627238,2024-07-31,257,103958.2,29731.0,0.0,0.0,103958.2,1,CASH_OUT,0
c5416dc1-9cd0-4f62-ba9b-e60b6cc3c1eb,2024-07-31 12:43:17.639730,2024-07-31,238,110534.94,0.0,0.0,635971.63,746506.56,1,CASH_OUT,0
261eb259-419b-4a61-8f4a-3f4b3f729e67,2024-07-31 12:43:27.643538,2024-07-31,35,14018.45,1098.0,0.0,0.0,0.0,3,PAYMENT,0
639021b0-341f-4d96-b2d3-fee499239cc9,2024-07-31 12:43:37.653529,2024-07-31,153,6228.39,67762.03,61533.64,0.0,0.0,3,PAYMENT,0
aae1211f-81c3-4937-856f-2ed8bbc0ef4e,2024-07-31 12:43:47.668750,2024-07-31,133,324765.85,0.0,0.0,411075.05,735840.9,1,CASH_OUT,0
915196fb-455d-48de-9836-affc45c3e8ac,2024-07-31 12:43:57.676164,2024-07-31,15,11427.83,0.0,0.0,0.0,0.0,3,PAYMENT,0
5bba4852-5b5c-4c97-9d28-5c0e6fe011c5,2024-07-31 12:44:07.681282,2024-07-31,623,67128.33,67128.33,0.0,0.0,0.0,4,TRANSFER,1
6da13858-d9cd-481e-9e43-ee14cd2a4cb6,2024-07-31 12:44:17.695607,2024-07-31,535,588173.24,588173.24,0.0,16152763.21,16740936.45,1,CASH_OUT,1
8f05528c-08fe-487a-8d6d-0822d279f9a8,2024-07-31 12:44:27.704547,2024-07-31,305,521015.64,12808765.98,13329781.61,1242743.61,721727.97,0,CASH_IN,0
ad6b8bdf-0a4b-47d7-a1d3-e586d2b21acb,2024-07-31 12:44:37.714078,2024-07-31,38,19389.54,257516.0,238126.46,26667.02,46056.56,1,CASH_OUT,0
bbed9955-b070-47f6-b574-4fdb2b621a68,2024-07-31 12:44:47.729116,2024-07-31,249,439.26,113456.73,113017.47,0.0,0.0,3,PAYMENT,0
f2d4a55c-ba5e-4519-870f-f5778814ab04,2024-07-31 12:44:57.737246,2024-07-31,396,7912.43,0.0,0.0,0.0,0.0,3,PAYMENT,0
47f494fe-b364-4d14-ab93-1af9bd3f49a0,2024-07-31 12:45:07.740251,2024-07-31,692,466218.08,466218.08,0.0,240002.78,706220.85,1,CASH_OUT,1
7339ef59-66b2-4997-8505-76a24ff09e69,2024-07-31 12:45:17.752868,2024-07-31,589,108742.53,982587.13,1091329.66,13531522.79,13422780.26,0,CASH_IN,0
2878442a-a14b-4bdf-844d-47185e23efed,2024-07-31 12:45:27.766987,2024-07-31,408,3718.48,51833.0,48114.52,2506877.58,2510596.06,2,DEBIT,0
cd77ace6-0627-443f-a919-d98ccc8d57ec,2024-07-31 12:45:37.776517,2024-07-31,498,1028515.56,1028515.56,0.0,0.0,0.0,4,TRANSFER,1
1dbaa946-f070-4e10-9b1d-878c8750a57c,2024-07-31 12:45:47.781706,2024-07-31,227,210.92,210.92,0.0,0.0,0.0,4,TRANSFER,1
9c560cf0-6854-4a41-9357-5f0c1ce46181,2024-07-31 12:45:57.789283,2024-07-31,130,58126.4,0.0,0.0,528545.74,586672.14,4,TRANSFER,0
4ab913a6-b122-484b-b81c-0f96843ed4a9,2024-07-31 12:46:08.339474,2024-07-31,398,87423.69,3728858.82,3816282.51,3778444.61,3691020.92,0,CASH_IN,0
b2b9d972-a8e4-4e04-bc2b-303718a71c3b,2024-07-31 12:46:18.343620,2024-07-31,16,358259.15,0.0,0.0,1685667.31,2043926.46,1,CASH_OUT,0
b5a50254-0977-4ca9-9992-c832b8ed820b,2024-07-31 12:46:28.353916,2024-07-31,279,10000000.0,20536624.41,10536624.41,0.0,0.0,4,TRANSFER,1
a8fccba3-ad1b-41bd-81db-2119448a1152,2024-07-31 12:46:38.373106,2024-07-31,274,70753.9,70753.9,0.0,0.0,0.0,4,TRANSFER,1
f8d568c3-27f8-4496-ad52-ceb6d1e85ec2,2024-07-31 13:02:17.848426,2024-07-31,229,38580.45,38580.45,0.0,335633.03,374213.48,1,CASH_OUT,1
8c8b8c42-0bdf-40eb-b2f6-60b9e941d1de,2024-07-31 13:02:28.832765,2024-07-31,372,177557.02,1142.0,0.0,0.0,177557.02,1,CASH_OUT,0
89e1dc43-c491-480c-8f68-fe9580f179df,2024-07-31 13:02:38.869565,2024-07-31,235,116035.72,0.0,0.0,385483.83,501519.55,1,CASH_OUT,0
a9b01b37-aac9-45e9-aab2-f0cbcdb2f31e,2024-07-31 13:02:48.875715,2024-07-31,42,5540.92,300802.1,295261.19,0.0,0.0,3,PAYMENT,0
84d9f3f4-109b-4773-bd44-94f102dfae16,2024-07-31 13:02:58.906673,2024-07-31,586,353874.22,353874.22,353874.22,0.0,0.0,4,TRANSFER,0
316a61d1-a3e9-4ed5-802e-13b120701acc,2024-07-31 13:03:08.911410,2024-07-31,629,8488865.83,8488865.83,0.0,0.0,0.0,4,TRANSFER,1
9a02b5c5-b1b8-4fa7-ab30-f7f82d70e729,2024-07-31 13:03:18.925719,2024-07-31,276,1567591.24,1567591.24,0.0,0.0,0.0,4,TRANSFER,1
559acca0-53f4-4065-a553-dbf1fbbf1e75,2024-07-31 13:03:28.931176,2024-07-31,122,188249.17,188249.17,0.0,381115.19,569364.36,1,CASH_OUT,1
66365fb9-69ea-459b-8fb6-fac95d92d8b7,2024-07-31 13:03:38.940431,2024-07-31,158,169784.52,15462.0,185246.52,0.0,0.0,0,CASH_IN,0
a28e2fd0-0d01-4206-8906-c5b6adaa30c5,2024-07-31 13:03:48.949085,2024-07-31,190,4731.09,71714.0,66982.91,0.0,0.0,3,PAYMENT,0
fb0fe0c8-3626-44a7-9bee-2559546a1e3d,2024-07-31 13:03:58.957184,2024-07-31,152,2175288.9,2175288.9,0.0,0.0,0.0,4,TRANSFER,1
5fc624a3-38b2-4fbf-8ec4-5758e9b60381,2024-07-31 13:04:09.014984,2024-07-31,42,506867.52,506867.52,0.0,0.0,0.0,4,TRANSFER,1
e979debb-120b-4634-ae44-84bd58bc092c,2024-07-31 13:04:19.187247,2024-07-31,41,15582.24,0.0,0.0,0.0,0.0,3,PAYMENT,0
a1c71f14-c7d7-44dd-92b0-b589aa59d236,2024-07-31 13:04:29.190200,2024-07-31,387,9110884.44,9110884.44,0.0,0.0,9110884.44,1,CASH_OUT,1
437d48d4-92ba-4e18-aa40-9cc42bba5f86,2024-07-31 13:04:39.215034,2024-07-31,398,265416.42,87436.0,352852.42,578.85,0.0,0,CASH_IN,0
56a567e5-181c-4f9e-b16e-48596f5a7c5d,2024-07-31 13:04:49.263950,2024-07-31,324,150733.87,5516.0,0.0,133602.5,284336.37,1,CASH_OUT,0
069fa70f-b228-4980-8a35-8d3f325beab9,2024-07-31 13:04:59.290366,2024-07-31,153,234853.95,234853.95,0.0,0.0,0.0,4,TRANSFER,1
49eaf093-41da-4a2a-ba4c-05f19152b99d,2024-07-31 13:05:09.304506,2024-07-31,359,105733.45,105733.45,0.0,934471.58,1040205.03,1,CASH_OUT,1
6ab4ebc5-d676-4a68-a0a2-c077f8eccb22,2024-07-31 13:05:19.377865,2024-07-31,661,129114.32,6644.0,135758.32,110546.9,0.0,0,CASH_IN,0
b498cf32-66f9-41f6-be34-3116c045e617,2024-07-31 13:05:29.385429,2024-07-31,184,9377.25,0.0,0.0,0.0,0.0,3,PAYMENT,0
296bc611-81cd-4c42-9272-5a44d52b53d4,2024-07-31 13:05:39.395937,2024-07-31,231,20386.45,15047479.08,15067865.52,669386.55,649000.1,0,CASH_IN,0
6f2d1707-5e35-4b4e-8765-95ed208f007a,2024-07-31 13:05:49.403325,2024-07-31,114,2908264.69,2908264.69,0.0,2786059.72,5694324.4,1,CASH_OUT,1
d9a84fc6-db44-44b9-ac25-2c06916e416e,2024-07-31 13:05:59.433267,2024-07-31,164,175267.61,175267.61,0.0,73374.37,248641.98,1,CASH_OUT,1
c3e94196-e092-4624-9944-a9df4a4622f6,2024-07-31 13:06:09.446305,2024-07-31,17,148439.93,0.0,0.0,0.0,148439.93,1,CASH_OUT,1
6d23da3b-1426-4364-a582-4a248436d071,2024-07-31 13:06:19.455412,2024-07-31,282,6199.28,10960.0,4760.72,0.0,0.0,3,PAYMENT,0
9eaea7b7-c705-433d-a9dd-62a9606ccefa,2024-07-31 13:06:29.465102,2024-07-31,231,261331.82,261331.82,0.0,32063.09,293394.92,1,CASH_OUT,1
6176f7ff-dbda-4b97-a553-d340e4a875ee,2024-07-31 13:06:39.478111,2024-07-31,257,103958.2,29731.0,0.0,0.0,103958.2,1,CASH_OUT,0
de3e0d63-e780-4341-ac96-fc86cd971c0f,2024-07-31 13:06:49.488728,2024-07-31,238,110534.94,0.0,0.0,635971.63,746506.56,1,CASH_OUT,0
a5a2d117-f0f6-4542-b834-185fb85b7d61,2024-07-31 13:06:59.500564,2024-07-31,35,14018.45,1098.0,0.0,0.0,0.0,3,PAYMENT,0
ec22ccc9-78c0-4678-8c60-a6efca03bd52,2024-07-31 13:07:09.515374,2024-07-31,153,6228.39,67762.03,61533.64,0.0,0.0,3,PAYMENT,0
86ae3c89-88d9-4f0e-829b-557a2feb1c8b,2024-07-31 13:07:19.542950,2024-07-31,133,324765.85,0.0,0.0,411075.05,735840.9,1,CASH_OUT,0
d15be6b1-6444-48b6-88ca-75fa552ef806,2024-07-31 13:07:29.553864,2024-07-31,15,11427.83,0.0,0.0,0.0,0.0,3,PAYMENT,0
7c912d36-f663-4599-ba45-73a660f3d648,2024-07-31 13:07:39.561714,2024-07-31,623,67128.33,67128.33,0.0,0.0,0.0,4,TRANSFER,1
54fd3aff-1022-4c26-b080-d4ef404cd607,2024-07-31 13:07:49.567274,2024-07-31,535,588173.24,588173.24,0.0,16152763.21,16740936.45,1,CASH_OUT,1
bf372f01-840c-4a11-8a92-52a69e8b4880,2024-07-31 13:07:59.580826,2024-07-31,305,521015.64,12808765.98,13329781.61,1242743.61,721727.97,0,CASH_IN,0
9ea503f5-9c4b-4107-9a8f-d1fa5b206583,2024-07-31 13:08:09.587940,2024-07-31,38,19389.54,257516.0,238126.46,26667.02,46056.56,1,CASH_OUT,0
3a4f7c16-a652-42b6-9c72-eaaa7b69814e,2024-07-31 13:08:19.601603,2024-07-31,249,439.26,113456.73,113017.47,0.0,0.0,3,PAYMENT,0
51791671-453b-49ee-97bd-ef6b59bd4d6f,2024-07-31 13:08:29.604845,2024-07-31,396,7912.43,0.0,0.0,0.0,0.0,3,PAYMENT,0
0ec852d0-1f28-4631-98f8-92f3f0016e8c,2024-07-31 13:08:39.627646,2024-07-31,692,466218.08,466218.08,0.0,240002.78,706220.85,1,CASH_OUT,1
a61e5365-4fbd-4c4e-a4be-f270ea902670,2024-07-31 13:08:49.631708,2024-07-31,589,108742.53,982587.13,1091329.66,13531522.79,13422780.26,0,CASH_IN,0
bb8c65c1-137a-40ba-92e6-3460a15bb50e,2024-07-31 13:08:59.644790,2024-07-31,408,3718.48,51833.0,48114.52,2506877.58,2510596.06,2,DEBIT,0
29d1ceaa-b9d5-462b-9398-93950df3d730,2024-07-31 13:09:09.676419,2024-07-31,498,1028515.56,1028515.56,0.0,0.0,0.0,4,TRANSFER,1
da43388a-bc0a-491c-a273-493e43bf103b,2024-07-31 13:09:19.686579,2024-07-31,227,210.92,210.92,0.0,0.0,0.0,4,TRANSFER,1
f33eb9d9-418f-4e3f-93de-d10077bd30e8,2024-07-31 13:09:29.695824,2024-07-31,130,58126.4,0.0,0.0,528545.74,586672.14,4,TRANSFER,0
818b2845-0779-425e-9786-be76f4adc160,2024-07-31 13:09:39.710580,2024-07-31,398,87423.69,3728858.82,3816282.51,3778444.61,3691020.92,0,CASH_IN,0
239c8cbd-29d5-4996-87af-6a78bdff7435,2024-07-31 13:09:49.718662,2024-07-31,16,358259.15,0.0,0.0,1685667.31,2043926.46,1,CASH_OUT,0
1960934a-43fd-4fb7-9493-fb358e9c8ec5,2024-07-31 13:09:59.732930,2024-07-31,279,10000000.0,20536624.41,10536624.41,0.0,0.0,4,TRANSFER,1
e3500665-da09-4a97-89ec-43dedf9629b4,2024-07-31 13:10:09.737205,2024-07-31,274,70753.9,70753.9,0.0,0.0,0.0,4,TRANSFER,1
54a96e09-3a5c-412d-a2bc-5979dd2bbf66,2024-07-31 13:10:19.749957,2024-07-31,537,81278.73,81278.73,0.0,2087033.64,2168312.37,1,CASH_OUT,1
ba2ec890-b451-4ab8-badb-856084c605c5,2024-07-31 13:14:51.373164,2024-07-31,229,38580.45,38580.45,0.0,335633.03,374213.48,1,CASH_OUT,1
a0c5be31-d76c-45fd-825d-b48e5652a38c,2024-07-31 13:15:03.731430,2024-07-31,372,177557.02,1142.0,0.0,0.0,177557.02,1,CASH_OUT,0
4a09da50-c253-485b-b4b2-854059da8eb9,2024-07-31 13:15:13.742630,2024-07-31,235,116035.72,0.0,0.0,385483.83,501519.55,1,CASH_OUT,0
4dc5e9a3-ac23-4b4a-89b3-81c878f46a35,2024-07-31 13:15:23.756377,2024-07-31,42,5540.92,300802.1,295261.19,0.0,0.0,3,PAYMENT,0
83aad9e9-a68e-40b3-bcf8-aa68477253d8,2024-07-31 13:15:33.763258,2024-07-31,586,353874.22,353874.22,353874.22,0.0,0.0,4,TRANSFER,0
7dc1dbf2-ddc1-406b-858c-5c9ade7aa609,2024-07-31 13:15:43.770751,2024-07-31,629,8488865.83,8488865.83,0.0,0.0,0.0,4,TRANSFER,1
8bb94cb7-28ad-4af4-a4ce-920a736db530,2024-07-31 13:15:53.785587,2024-07-31,276,1567591.24,1567591.24,0.0,0.0,0.0,4,TRANSFER,1
386db611-f0b2-4eba-b453-44d1ae198c7f,2024-07-31 13:16:03.793155,2024-07-31,122,188249.17,188249.17,0.0,381115.19,569364.36,1,CASH_OUT,1
b52e25f6-e5b9-42e0-b836-a9704e399cd6,2024-07-31 13:16:13.801788,2024-07-31,158,169784.52,15462.0,185246.52,0.0,0.0,0,CASH_IN,0
c218e332-e551-487e-be25-2f74827292b9,2024-07-31 13:16:23.860762,2024-07-31,190,4731.09,71714.0,66982.91,0.0,0.0,3,PAYMENT,0
aa204ecf-5acf-4287-b765-f00e2dad32ea,2024-07-31 13:16:33.872679,2024-07-31,152,2175288.9,2175288.9,0.0,0.0,0.0,4,TRANSFER,1
282b551e-f140-4c34-884f-8477b5ac15fb,2024-07-31 13:16:43.877895,2024-07-31,42,506867.52,506867.52,0.0,0.0,0.0,4,TRANSFER,1
1d2e585e-59a8-4d87-81cb-4a7950082611,2024-07-31 13:16:53.888326,2024-07-31,41,15582.24,0.0,0.0,0.0,0.0,3,PAYMENT,0
7f261d30-8788-42db-bce0-66bf3c723698,2024-07-31 13:17:03.900811,2024-07-31,387,9110884.44,9110884.44,0.0,0.0,9110884.44,1,CASH_OUT,1
100e9755-f965-4548-b9f1-0f578bce17e3,2024-07-31 13:17:13.906224,2024-07-31,398,265416.42,87436.0,352852.42,578.85,0.0,0,CASH_IN,0
5241a392-2b17-40fb-9fd6-d52e88188308,2024-07-31 13:17:23.920141,2024-07-31,324,150733.87,5516.0,0.0,133602.5,284336.37,1,CASH_OUT,0
ace4a325-a7c3-4cb7-b916-ae43d8d1cce4,2024-07-31 13:17:33.962050,2024-07-31,153,234853.95,234853.95,0.0,0.0,0.0,4,TRANSFER,1
a62e0c55-f9c7-419c-b183-d3c8a60b28e5,2024-07-31 13:17:43.977696,2024-07-31,359,105733.45,105733.45,0.0,934471.58,1040205.03,1,CASH_OUT,1
59b48443-e6b8-4dfa-9ead-bdb0abe8bef4,2024-07-31 13:17:53.995693,2024-07-31,661,129114.32,6644.0,135758.32,110546.9,0.0,0,CASH_IN,0
fda0c760-9232-4e00-879d-f2f0ea64ea27,2024-07-31 13:18:04.017440,2024-07-31,184,9377.25,0.0,0.0,0.0,0.0,3,PAYMENT,0
dd1f31bb-e1d9-4bea-9f01-b2d140c10d3a,2024-07-31 13:18:14.040173,2024-07-31,231,20386.45,15047479.08,15067865.52,669386.55,649000.1,0,CASH_IN,0
ac3af809-c899-4a59-9b98-1a9cfd2d3c38,2024-07-31 13:18:24.047403,2024-07-31,114,2908264.69,2908264.69,0.0,2786059.72,5694324.4,1,CASH_OUT,1
713562e6-a7da-4d59-bb4f-0a0f53faf8e9,2024-07-31 13:18:34.060467,2024-07-31,164,175267.61,175267.61,0.0,73374.37,248641.98,1,CASH_OUT,1
6602cf89-6921-42db-b0cf-b08cd2353884,2024-07-31 13:18:44.069745,2024-07-31,17,148439.93,0.0,0.0,0.0,148439.93,1,CASH_OUT,1
1213d4ef-e0bb-4efe-8fcd-fe88b7acd22c,2024-07-31 13:18:54.084414,2024-07-31,282,6199.28,10960.0,4760.72,0.0,0.0,3,PAYMENT,0
96d6b59f-b132-4d59-8016-bb8ba4671650,2024-07-31 13:19:04.098916,2024-07-31,231,261331.82,261331.82,0.0,32063.09,293394.92,1,CASH_OUT,1
8e8d9af7-8860-49b0-bdd9-3e9cf38bc65d,2024-07-31 13:19:14.103889,2024-07-31,257,103958.2,29731.0,0.0,0.0,103958.2,1,CASH_OUT,0
3dd9c372-545b-4ec5-8bb3-dc881dd0bb9f,2024-07-31 13:19:24.122266,2024-07-31,238,110534.94,0.0,0.0,635971.63,746506.56,1,CASH_OUT,0
64f6a604-388e-4846-8586-7a62f317ce14,2024-07-31 13:19:34.127554,2024-07-31,35,14018.45,1098.0,0.0,0.0,0.0,3,PAYMENT,0
c262ea96-af07-482f-87a1-f8d37a53d6f4,2024-07-31 13:19:44.136486,2024-07-31,153,6228.39,67762.03,61533.64,0.0,0.0,3,PAYMENT,0
dc7a35df-aa74-4c68-aa7c-96648f71e72d,2024-07-31 13:19:54.144690,2024-07-31,133,324765.85,0.0,0.0,411075.05,735840.9,1,CASH_OUT,0
3a261516-f021-44fa-88a7-ae6e0811dabc,2024-07-31 13:20:04.153032,2024-07-31,15,11427.83,0.0,0.0,0.0,0.0,3,PAYMENT,0
fac4e44a-1388-4dcd-881d-773baadd77ca,2024-07-31 13:20:14.163291,2024-07-31,623,67128.33,67128.33,0.0,0.0,0.0,4,TRANSFER,1
1f2de775-6c6d-4e0d-91a8-ba3c9ae94d72,2024-07-31 13:20:24.176808,2024-07-31,535,588173.24,588173.24,0.0,16152763.21,16740936.45,1,CASH_OUT,1
791dc5f3-837b-4e93-a7e2-01aa4c90b6f8,2024-07-31 13:20:34.180810,2024-07-31,305,521015.64,12808765.98,13329781.61,1242743.61,721727.97,0,CASH_IN,0
011b08fb-96f7-4eb5-b6d3-57a5fb599820,2024-07-31 13:20:44.192702,2024-07-31,38,19389.54,257516.0,238126.46,26667.02,46056.56,1,CASH_OUT,0
8681c2c6-7526-43e7-82e8-3a0beb019b19,2024-07-31 13:20:54.203132,2024-07-31,249,439.26,113456.73,113017.47,0.0,0.0,3,PAYMENT,0
c81db0e8-e01c-40ab-95cf-363cdb02732f,2024-07-31 13:21:04.206519,2024-07-31,396,7912.43,0.0,0.0,0.0,0.0,3,PAYMENT,0
860aec6e-a6a8-4843-9c88-8838545b5ccc,2024-07-31 13:21:14.214939,2024-07-31,692,466218.08,466218.08,0.0,240002.78,706220.85,1,CASH_OUT,1
006fedef-20e7-4ff3-b35c-35144c66961b,2024-07-31 13:21:24.224436,2024-07-31,589,108742.53,982587.13,1091329.66,13531522.79,13422780.26,0,CASH_IN,0
ec4ce711-5b91-46b9-b168-899fc29661ec,2024-07-31 13:21:34.232308,2024-07-31,408,3718.48,51833.0,48114.52,2506877.58,2510596.06,2,DEBIT,0
a280e2ce-06f2-4818-8c8d-377245d56cf5,2024-07-31 13:21:44.241793,2024-07-31,498,1028515.56,1028515.56,0.0,0.0,0.0,4,TRANSFER,1
7252105b-ee6a-4298-8a33-ac0db0d01c3c,2024-07-31 13:21:54.251489,2024-07-31,227,210.92,210.92,0.0,0.0,0.0,4,TRANSFER,1
f97bc5bc-fe23-4580-b09d-7da63b8fc27b,2024-07-31 13:22:04.260265,2024-07-31,130,58126.4,0.0,0.0,528545.74,586672.14,4,TRANSFER,0
297a649d-8b59-4040-ac13-566085fb2aa3,2024-07-31 13:22:14.276166,2024-07-31,398,87423.69,3728858.82,3816282.51,3778444.61,3691020.92,0,CASH_IN,0
72300ea6-13d1-4296-9b10-6521ea4a9608,2024-07-31 13:22:24.283895,2024-07-31,16,358259.15,0.0,0.0,1685667.31,2043926.46,1,CASH_OUT,0
245e8c7d-63f5-4505-8683-68c93896b15a,2024-07-31 13:22:34.296004,2024-07-31,279,10000000.0,20536624.41,10536624.41,0.0,0.0,4,TRANSFER,1
9b226be0-134f-4c90-abf0-61c5972fe576,2024-07-31 13:22:44.305219,2024-07-31,274,70753.9,70753.9,0.0,0.0,0.0,4,TRANSFER,1
ae5e4bf5-4281-4231-a306-a199787a4db7,2024-07-31 13:22:54.309928,2024-07-31,537,81278.73,81278.73,0.0,2087033.64,2168312.37,1,CASH_OUT,1
96fce21d-eaed-494d-9b18-f1d1715ff81c,2024-07-31 13:23:04.321707,2024-07-31,417,237776.02,237776.02,0.0,102969.39,340745.41,1,CASH_OUT,1
f6966ebc-0e4b-4940-8613-43feeede7522,2024-07-31 13:23:14.328773,2024-07-31,207,241941.32,0.0,0.0,1953348.82,2195290.14,1,CASH_OUT,0
0a0b572c-1dc3-4638-b9a3-05139c1061e2,2024-07-31 13:23:24.342485,2024-07-31,33,6648389.9,6648389.9,0.0,2609209.55,9257599.45,1,CASH_OUT,1
1adb8d3f-3a23-4b2b-beb0-55e9c00ba35a,2024-07-31 13:23:34.346530,2024-07-31,253,476938.0,152439.0,629377.0,0.0,0.0,0,CASH_IN,0
cc96e7be-7362-4cc2-8ab0-452532cb6351,2024-07-31 13:23:44.361062,2024-07-31,281,7133.97,7133.97,0.0,0.0,0.0,4,TRANSFER,1
79f64ef4-d18c-406b-80a9-4c79b01bacce,2024-07-31 13:23:54.369296,2024-07-31,14,1561891.66,1561891.66,0.0,3471928.95,6443177.56,1,CASH_OUT,1
b65d93bb-d3e9-4e7b-b518-41f5b4011666,2024-07-31 13:24:04.377350,2024-07-31,498,1028515.56,1028515.56,0.0,0.0,1028515.56,1,CASH_OUT,1
4f4ecc8d-0832-48f4-8ff4-06800b6fcc0b,2024-07-31 13:24:14.381565,2024-07-31,161,8720558.46,8720558.46,0.0,0.0,0.0,4,TRANSFER,1
39966c5e-cbf2-44f5-8d10-de0d7efeb743,2024-07-31 13:24:24.420639,2024-07-31,305,3078033.65,0.0,0.0,3677911.24,6755944.89,4,TRANSFER,0
6b3ff1cb-ef18-4639-a0cf-d92a9af8342f,2024-07-31 13:24:34.430142,2024-07-31,11,1605.45,486053.99,484448.54,0.0,0.0,3,PAYMENT,0
e543e116-de20-41e2-8dde-9793d230b55d,2024-07-31 13:24:44.438419,2024-07-31,43,151371.53,712205.0,560833.47,302480.18,453851.71,1,CASH_OUT,0
7cb4871f-08b4-4092-b8f0-0445b711a801,2024-07-31 13:24:54.447470,2024-07-31,590,12861.23,105416.0,92554.77,4701991.81,4714853.04,1,CASH_OUT,0
d8b4859d-4800-402b-a59e-870695dc5241,2024-07-31 13:25:04.456272,2024-07-31,346,6869.4,2537.0,0.0,0.0,0.0,3,PAYMENT,0
ba4562f4-62a6-40bd-8c59-bee686680079,2024-07-31 13:25:14.465298,2024-07-31,4,13707.11,13707.11,0.0,0.0,13707.11,1,CASH_OUT,1
2a66c378-f7f2-4eca-91c9-991ec6e7ba10,2024-07-31 13:25:24.473359,2024-07-31,450,9228514.1,9228514.1,0.0,0.0,0.0,4,TRANSFER,1
43a809e4-8de1-477f-9eab-506d50ad4f40,2024-07-31 13:25:34.476401,2024-07-31,188,236010.45,1328112.61,1564123.06,1117200.29,1076050.78,0,CASH_IN,0
e470557b-7994-4091-b2af-865d2a158fdd,2024-07-31 13:25:44.490442,2024-07-31,354,126047.08,5330219.27,5456266.35,718410.29,592363.22,0,CASH_IN,0
d26f46d8-3027-4650-9896-3119ffdaf4fc,2024-07-31 13:25:54.497832,2024-07-31,487,321307.31,321307.31,0.0,0.0,0.0,4,TRANSFER,1
0b855f09-78ef-4599-bad7-eadd7ea55510,2024-07-31 13:26:04.513000,2024-07-31,21,157658.81,0.0,0.0,1770729.31,1952005.1,1,CASH_OUT,0
be951c96-2a5e-4bba-8056-98522fb12d51,2024-07-31 13:26:14.522021,2024-07-31,104,125159.2,125159.2,0.0,26664.19,151823.38,1,CASH_OUT,1
a70f24eb-ca75-4b9b-b3cc-36286886e1ff,2024-07-31 13:26:24.648095,2024-07-31,275,212379.97,22609.0,0.0,195170.47,407550.44,1,CASH_OUT,0
a7be4a47-0a1d-4ffc-ac86-a575719c8dc5,2024-07-31 13:26:34.716830,2024-07-31,311,268366.47,268366.47,0.0,0.0,0.0,4,TRANSFER,1
854e8cd0-188a-4e71-9cfa-5f9462948e2e,2024-07-31 13:28:25.493759,2024-07-31,93,38150.22,38150.22,0.0,30220.14,68370.36,1,CASH_OUT,1
ee65f53b-39c9-42cc-9e9e-c05df3b1f4d9,2024-07-31 13:31:06.189364,2024-07-31,227,231142.18,250625.14,19482.97,5378236.74,5426395.25,4,TRANSFER,0
37318ed1-84e6-46a5-945e-7718bc57b3a6,2024-07-31 13:29:15.682794,2024-07-31,277,342988.79,342988.79,0.0,0.0,0.0,4,TRANSFER,1
9c745025-2da4-46ab-857c-e43526656251,2024-07-31 13:31:16.409938,2024-07-31,479,799517.33,799517.33,0.0,0.0,0.0,4,TRANSFER,1
c3fb45ed-36be-4351-9528-0e659c80dc8c,2024-07-31 13:27:24.955553,2024-07-31,546,100012.83,5019.0,105031.83,0.0,0.0,0,CASH_IN,0
897beda1-d7cc-417a-a9e1-847bb2dcdebf,2024-07-31 13:32:37.965446,2024-07-31,85,678058.75,678058.75,0.0,0.0,0.0,4,TRANSFER,1
ded39c33-a9ee-4e46-aa73-78b05086196b,2024-07-31 13:30:46.071853,2024-07-31,35,207575.04,0.0,0.0,327171.05,534746.08,1,CASH_OUT,0
8ce0d450-7556-4917-bd48-62c4a46cfc22,2024-07-31 13:29:45.796222,2024-07-31,79,432254.84,432254.84,0.0,1300115.81,1732370.65,1,CASH_OUT,1
2751a142-57f8-402a-afd5-3b72098323f0,2024-07-31 13:28:45.525902,2024-07-31,401,26831.57,59906.0,33074.43,0.0,0.0,3,PAYMENT,0
b98fafbc-fdc9-41d2-8999-d1c5a2cebbd5,2024-07-31 13:26:44.847737,2024-07-31,351,63.8,63.8,0.0,0.0,0.0,4,TRANSFER,1
e726d944-5f23-46ab-9e62-4d2e098ae503,2024-07-31 13:26:54.851606,2024-07-31,410,281439.26,281439.26,0.0,0.0,0.0,4,TRANSFER,1
0914f697-89dd-4db1-a96b-7131e58a70ba,2024-07-31 13:27:04.866331,2024-07-31,303,28450.98,19964.0,0.0,0.0,0.0,3,PAYMENT,0
8bd304e9-2791-43ab-915f-7d3caf6463b8,2024-07-31 13:27:44.973372,2024-07-31,280,303059.46,5027206.93,5330266.39,1499577.05,1196517.59,0,CASH_IN,0
2f17fb3e-25e5-4d93-a3fa-b6c86e7d2155,2024-07-31 13:28:55.534882,2024-07-31,470,2198220.97,2198220.97,0.0,3319056.61,5517277.58,1,CASH_OUT,1
2c6d82c2-a0e1-456d-8097-626961f01420,2024-07-31 13:30:26.047901,2024-07-31,544,179997.78,179997.78,0.0,55751.58,235749.36,1,CASH_OUT,1
21598e70-30c3-43f6-8bad-283ba106861f,2024-07-31 13:29:35.781357,2024-07-31,226,31022.74,10981036.67,11012059.41,7230025.07,7199002.33,0,CASH_IN,0
7a7097ad-146d-406a-996d-13b14f0f3569,2024-07-31 13:31:56.565209,2024-07-31,141,333183.33,276191.28,0.0,1103722.41,1436905.74,1,CASH_OUT,0
10afd2f4-51b3-4be7-96e6-ce8386d65149,2024-07-31 13:28:04.995108,2024-07-31,164,16209.36,94191.73,77982.37,0.0,0.0,3,PAYMENT,0
c96708e1-7884-4c8d-9450-e82e8040d4fb,2024-07-31 13:30:05.962861,2024-07-31,279,345533.89,345533.89,0.0,501951.83,847485.72,1,CASH_OUT,1
4923add2-7ade-4b80-b0a2-ff400b18b26b,2024-07-31 13:27:54.981418,2024-07-31,136,7563536.91,7563536.91,0.0,667243.49,8265310.34,1,CASH_OUT,1
daf059e4-e684-4ef7-a293-7bc61a442e89,2024-07-31 13:32:17.654017,2024-07-31,160,10000000.0,17670038.08,7670038.08,0.0,0.0,4,TRANSFER,1
7d0f9d48-84bc-46b6-932f-6a456ae85880,2024-07-31 13:32:06.573437,2024-07-31,102,656118.37,656118.37,0.0,161482.64,817601.02,1,CASH_OUT,1
11bcb811-a9fe-4c4f-91e5-50e00320102a,2024-07-31 13:29:25.735730,2024-07-31,130,28160.27,0.0,0.0,597676.86,625837.13,1,CASH_OUT,0
ba1243b5-8d67-46a5-902c-ad4c9d27895f,2024-07-31 13:31:26.413137,2024-07-31,382,191135.27,0.0,0.0,240436.38,431571.65,1,CASH_OUT,0
881aa457-2795-4d54-8ebf-1d133bdb0f6a,2024-07-31 13:28:15.004767,2024-07-31,362,1936403.59,1936403.59,0.0,0.0,0.0,4,TRANSFER,1
7bebc2ec-8d4e-4265-97e9-6fd1706ff2aa,2024-07-31 13:30:15.987677,2024-07-31,347,273353.66,647.0,0.0,0.0,273353.66,1,CASH_OUT,0
7a7fba30-95e2-478c-b2e0-7c4157863cc9,2024-07-31 13:29:55.944936,2024-07-31,321,27714.37,0.0,0.0,0.0,0.0,3,PAYMENT,0
910ddef9-48f0-44a8-ae52-f266a490ac89,2024-07-31 13:31:36.543666,2024-07-31,275,24910.94,0.0,0.0,462307.37,487218.31,4,TRANSFER,0
